Car_Name,Year,Selling_Price,Present_Price,Kms_Driven,Transmission,Owner,Fuel_Type_CNG,Fuel_Type_Diesel,Fuel_Type_Petrol,Seller_Type_Dealer,Seller_Type_Individual,Price_Category
ritz,0.12889700346071423,0.09312320916905445,0.0571087993064586,-0.2562244610375879,0.0,0,0.0,0.0,1.0,1.0,0.0,1
sx4,-0.217513693340034,0.1332378223495702,0.09991330732553098,0.1559105027720208,0.0,0,0.0,1.0,0.0,1.0,0.0,1
ciaz,1.168129093862959,0.20487106017191978,0.10327264846120503,-0.7739690093234088,0.0,0,0.0,0.0,1.0,1.0,0.0,2
wagon r,-0.9103350869415304,0.07879656160458454,0.041504117902037285,-0.8177583492281797,0.0,0,0.0,0.0,1.0,1.0,0.0,1
swift,0.12889700346071423,0.12893982808022922,0.07097962722149978,0.14174336339106547,0.0,0,0.0,1.0,0.0,1.0,0.0,1
vitara brezza,1.514539790663707,0.26217765042979946,0.10305591677503251,-0.8983564930881963,0.0,0,0.0,1.0,0.0,1.0,0.0,2
ciaz,0.47530770026146246,0.19054441260744986,0.08452535760728218,-0.46754666373096476,0.0,0,0.0,0.0,1.0,1.0,0.0,2
s cross,0.47530770026146246,0.18338108882521492,0.08983528391850888,-0.09062348089183953,0.0,0,0.0,1.0,0.0,1.0,0.0,2
ciaz,0.8217183970622106,0.24785100286532952,0.09286952752492415,-0.42950145488429026,0.0,0,0.0,1.0,0.0,1.0,0.0,2
ciaz,0.47530770026146246,0.21060171919770776,0.09319462505418293,0.13960541326630313,0.0,0,0.0,1.0,0.0,1.0,0.0,2
alto 800,1.168129093862959,0.07879656160458454,0.035543996532293023,-0.8967079532329579,0.0,0,0.0,0.0,1.0,1.0,0.0,1
ciaz,0.47530770026146246,0.19340974212034384,0.10901603814477678,0.3619779846768251,0.0,0,0.0,1.0,0.0,1.0,0.0,2
ciaz,0.47530770026146246,0.21203438395415475,0.10424794104898136,-0.5653256838947944,1.0,0,0.0,0.0,1.0,1.0,0.0,2
ertiga,0.47530770026146246,0.17191977077363899,0.08008235804074555,-0.28198289627568845,0.0,0,0.0,0.0,1.0,1.0,0.0,2
dzire,-1.603156480543027,0.06160458452722064,0.0746640658864326,1.042696152714108,0.0,0,0.0,0.0,1.0,1.0,0.0,1
ertiga,0.8217183970622106,0.2191977077363897,0.11345903771131338,0.1559105027720208,0.0,0,0.0,1.0,0.0,1.0,0.0,2
ertiga,0.47530770026146246,0.20487106017191978,0.11345903771131338,0.12185785138725186,0.0,0,0.0,1.0,0.0,1.0,0.0,2
ertiga,0.8217183970622106,0.2191977077363897,0.11345903771131338,0.1559105027720208,0.0,0,0.0,1.0,0.0,1.0,0.0,2
wagon r,0.47530770026146246,0.09025787965616047,0.05169050715214564,-0.03727776151373329,0.0,0,1.0,0.0,0.0,1.0,0.0,1
sx4,-1.2567457837422786,0.07306590257879657,0.08300823580407456,0.11577886067106014,0.0,0,0.0,0.0,1.0,1.0,0.0,1
alto k10,0.8217183970622106,0.07879656160458454,0.0393368010403121,-0.307741331513789,0.0,0,0.0,0.0,1.0,1.0,0.0,1
ignis,1.168129093862959,0.1375358166189112,0.05840918942349371,-0.8898819678948613,0.0,0,0.0,0.0,1.0,1.0,0.0,1
sx4,-0.9103350869415304,0.12320916905444129,0.08333333333333333,0.33621954943872456,1.0,0,0.0,0.0,1.0,1.0,0.0,1
alto k10,0.12889700346071423,0.0687679083094556,0.034026874729085395,0.21463973511489,0.0,0,0.0,0.0,1.0,1.0,0.0,1
wagon r,-0.217513693340034,0.08022922636103152,0.044321629822280016,0.5134118254416182,0.0,0,0.0,0.0,1.0,1.0,0.0,1
swift,-0.9103350869415304,0.08309455587392552,0.05060684872128306,-0.4365335077042917,0.0,0,0.0,0.0,1.0,1.0,0.0,1
swift,-0.217513693340034,0.11604584527220632,0.06014304291287387,0.4685663896920852,0.0,0,0.0,0.0,1.0,1.0,0.0,1
swift,1.168129093862959,0.169054441260745,0.06686172518422194,-0.5344155616090738,0.0,0,0.0,0.0,1.0,0.0,1.0,2
alto k10,-1.2567457837422786,0.05300859598853868,0.0393368010403121,0.19563000990917181,0.0,0,0.0,0.0,1.0,1.0,0.0,1
ciaz,0.47530770026146246,0.21060171919770776,0.10901603814477678,0.20742737324822186,0.0,0,0.0,1.0,0.0,1.0,0.0,2
ritz,-0.5639243901407822,0.08595988538681949,0.06133506718682272,0.37328593774635127,0.0,0,0.0,1.0,0.0,1.0,0.0,1
ritz,-0.9103350869415304,0.06446991404011462,0.04952319029042045,0.44440497743874685,0.0,0,0.0,0.0,1.0,1.0,0.0,1
swift,0.12889700346071423,0.1389684813753582,0.07769830949284785,0.0528767618196186,0.0,0,0.0,1.0,0.0,1.0,0.0,1
ertiga,0.12889700346071423,0.169054441260745,0.10435630689206761,0.20742737324822186,0.0,0,0.0,1.0,0.0,1.0,0.0,2
dzire,0.12889700346071423,0.1547277936962751,0.08387516254876463,0.20742737324822186,0.0,0,0.0,1.0,0.0,1.0,0.0,2
sx4,-0.9103350869415304,0.08166189111747853,0.08040745557000434,0.3361680325682484,0.0,0,1.0,0.0,0.0,1.0,0.0,1
dzire,0.47530770026146246,0.13037249283667623,0.07455570004334634,0.3044593987901466,0.0,0,0.0,0.0,1.0,1.0,0.0,1
800,-3.6816206613475164,0.0071633237822349575,0.021239705244906804,2.319619062772466,0.0,0,0.0,0.0,1.0,0.0,1.0,0
alto k10,0.8217183970622106,0.08309455587392552,0.037277850021673165,-0.6920829437014872,0.0,0,0.0,0.0,1.0,1.0,0.0,1
sx4,-3.6816206613475164,0.06160458452722064,0.08300823580407456,0.6453207722959311,0.0,0,0.0,0.0,1.0,1.0,0.0,1
baleno,0.8217183970622106,0.16475644699140402,0.08181621153012571,-0.32000234668712485,1.0,0,0.0,0.0,1.0,1.0,0.0,2
alto k10,0.12889700346071423,0.07020057306590258,0.03966189856957087,0.25137126376442137,0.0,0,0.0,0.0,1.0,1.0,0.0,1
sx4,-1.949567177343775,0.05300859598853868,0.07401387082791505,0.542287031343529,0.0,0,0.0,0.0,1.0,1.0,0.0,1
dzire,0.12889700346071423,0.1547277936962751,0.08387516254876463,0.2275189527339403,0.0,0,0.0,1.0,0.0,1.0,0.0,2
omni,-0.5639243901407822,0.032951289398280806,0.025682704811443434,0.33621954943872456,0.0,0,0.0,0.0,1.0,1.0,0.0,0
ciaz,0.12889700346071423,0.21203438395415475,0.1270047680970958,-0.5653256838947944,1.0,0,0.0,0.0,1.0,1.0,0.0,2
ritz,-0.217513693340034,0.07306590257879657,0.04952319029042045,0.7105411303188016,0.0,0,0.0,0.0,1.0,1.0,0.0,1
wagon r,-2.6423885709452715,0.027220630372492838,0.041504117902037285,0.7225960780102327,0.0,0,0.0,0.0,1.0,1.0,0.0,0
ertiga,0.47530770026146246,0.16332378223495703,0.08008235804074555,-0.2853314928566415,0.0,0,0.0,0.0,1.0,1.0,0.0,2
ciaz,1.168129093862959,0.2191977077363897,0.0972041612483745,0.0013598913434175208,1.0,0,0.0,0.0,1.0,1.0,0.0,2
fortuner,-0.5639243901407822,0.4240687679083095,0.3282401387082791,1.745386266009491,1.0,0,0.0,1.0,0.0,1.0,0.0,2
fortuner,0.47530770026146246,0.6561604584527221,0.3282401387082791,0.07863519705771915,1.0,0,0.0,1.0,0.0,1.0,0.0,2
innova,1.168129093862959,0.512893982808023,0.21077156480277418,-0.5653256838947944,1.0,0,0.0,1.0,0.0,1.0,0.0,2
fortuner,-0.217513693340034,0.4555873925501433,0.3282401387082791,2.5256865446772707,1.0,0,0.0,1.0,0.0,0.0,1.0,2
innova,-2.98879926774602,0.07593123209169056,0.10717381881231038,1.3665569589627462,0.0,0,0.0,0.0,1.0,0.0,1.0,1
corolla altis,-1.603156480543027,0.1002865329512894,0.15951452102297356,0.8513882542007355,1.0,0,0.0,0.0,1.0,1.0,0.0,1
etios cross,0.47530770026146246,0.12607449856733527,0.07531426094495015,0.09239020147486483,0.0,0,0.0,0.0,1.0,1.0,0.0,1
corolla altis,-1.2567457837422786,0.1332378223495702,0.1974425661031643,0.33621954943872456,0.0,0,0.0,0.0,1.0,1.0,0.0,1
etios g,0.12889700346071423,0.11461318051575932,0.07022106631989597,0.06536960291009737,0.0,1,0.0,0.0,1.0,1.0,0.0,1
fortuner,0.12889700346071423,0.5699140401146132,0.3862158647594278,0.10439363229581969,1.0,0,0.0,1.0,0.0,1.0,0.0,2
corolla altis,-0.217513693340034,0.19627507163323785,0.1982011270047681,0.07866095549295725,0.0,0,0.0,0.0,1.0,1.0,0.0,2
etios cross,0.47530770026146246,0.12607449856733527,0.0799739921976593,0.09378115697772227,0.0,0,0.0,0.0,1.0,1.0,0.0,1
fortuner,0.12889700346071423,0.5343839541547278,0.3862158647594278,1.05745573610554,1.0,0,0.0,1.0,0.0,1.0,0.0,2
fortuner,0.47530770026146246,0.670487106017192,0.3862158647594278,0.25894424372442293,1.0,0,0.0,1.0,0.0,1.0,0.0,2
fortuner,1.168129093862959,0.9426934097421205,0.3891417425227568,-0.7971516010376993,1.0,0,0.0,1.0,0.0,1.0,0.0,2
etios liva,0.12889700346071423,0.1332378223495702,0.07184655396618986,0.20742737324822186,0.0,0,0.0,1.0,0.0,1.0,0.0,1
innova,1.168129093862959,0.5630372492836676,0.2473992197659298,-0.6683594248471966,1.0,0,0.0,0.0,1.0,1.0,0.0,2
fortuner,-1.2567457837422786,0.26217765042979946,0.2181404421326398,0.5680454665816295,0.0,0,0.0,1.0,0.0,1.0,0.0,2
corolla altis,-0.9103350869415304,0.12177650429799428,0.14542696142175987,1.3150400884865452,0.0,0,0.0,0.0,1.0,1.0,0.0,1
corolla altis,0.8217183970622106,0.4054441260744986,0.22312527091460774,-0.6426009896090961,0.0,0,0.0,0.0,1.0,1.0,0.0,2
etios liva,0.12889700346071423,0.11031518624641835,0.06978760294755093,0.877146689438836,0.0,0,0.0,1.0,0.0,1.0,0.0,1
corolla altis,-0.9103350869415304,0.12607449856733527,0.13177286519289122,0.20742737324822186,0.0,0,0.0,1.0,0.0,1.0,0.0,1
corolla altis,-0.217513693340034,0.21060171919770776,0.1982011270047681,0.49079591930256594,0.0,0,0.0,0.0,1.0,1.0,0.0,2
etios liva,-0.9103350869415304,0.07306590257879657,0.05840918942349371,0.1559105027720208,0.0,0,0.0,0.0,1.0,1.0,0.0,1
etios cross,0.12889700346071423,0.1375358166189112,0.09330299089726918,1.1862479122960425,0.0,0,0.0,1.0,0.0,1.0,0.0,1
etios g,0.47530770026146246,0.11031518624641835,0.07022106631989597,-0.024398543894683024,0.0,0,0.0,0.0,1.0,1.0,0.0,1
corolla altis,-0.217513693340034,0.1547277936962751,0.15561335067186824,0.9029051246769365,0.0,0,0.0,0.0,1.0,1.0,0.0,2
corolla,-3.335209964546768,0.04011461318051576,0.13036410923276984,2.5296533437039384,1.0,0,0.0,0.0,1.0,1.0,0.0,1
corolla altis,-1.2567457837422786,0.14756446991404013,0.24393151278716949,1.108972606581741,1.0,0,0.0,0.0,1.0,1.0,0.0,1
fortuner,-0.5639243901407822,0.41260744985673353,0.3282401387082791,1.3407985237246458,1.0,0,0.0,1.0,0.0,1.0,0.0,2
corolla altis,0.8217183970622106,0.4191977077363897,0.1578890333766797,-0.3592582019899901,0.0,0,0.0,1.0,0.0,1.0,0.0,2
etios gd,0.47530770026146246,0.1332378223495702,0.08159947984395319,0.07863519705771915,0.0,0,0.0,1.0,0.0,1.0,0.0,1
innova,1.168129093862959,0.6561604584527221,0.2716731686172518,-0.5653256838947944,1.0,0,0.0,1.0,0.0,1.0,0.0,2
innova,0.47530770026146246,0.3553008595988539,0.14239271781534463,0.027118326581518064,0.0,0,0.0,1.0,0.0,1.0,0.0,2
innova,-2.98879926774602,0.09713467048710603,0.14239271781534463,4.12724301404141,0.0,0,0.0,1.0,0.0,1.0,0.0,1
camry,-2.6423885709452715,0.0687679083094556,0.2536844386649328,2.7059955913439744,1.0,3,0.0,0.0,1.0,0.0,1.0,1
land cruiser,-1.2567457837422786,1.0,1.0,1.05745573610554,0.0,0,0.0,1.0,0.0,1.0,0.0,2
corolla altis,-0.5639243901407822,0.16618911174785103,0.14542696142175987,0.49077016086732783,0.0,0,0.0,0.0,1.0,1.0,0.0,2
etios liva,-0.217513693340034,0.09598853868194844,0.06209362808842653,0.25894424372442293,0.0,0,0.0,0.0,1.0,1.0,0.0,1
etios g,0.12889700346071423,0.1332378223495702,0.06978760294755093,0.07863519705771915,0.0,0,0.0,0.0,1.0,1.0,0.0,1
corolla altis,-1.603156480543027,0.10601719197707737,0.1982011270047681,0.6453207722959311,0.0,0,0.0,0.0,1.0,1.0,0.0,1
innova,0.12889700346071423,0.3194842406876791,0.1708929345470308,0.5485205726711493,0.0,0,0.0,1.0,0.0,1.0,0.0,2
innova,-2.98879926774602,0.09770773638968482,0.14499349804941483,0.9801804303912381,0.0,0,0.0,0.0,1.0,1.0,0.0,1
fortuner,0.47530770026146246,0.6561604584527221,0.3282401387082791,0.07863519705771915,1.0,0,0.0,1.0,0.0,1.0,0.0,2
corolla altis,-1.949567177343775,0.11174785100286534,0.24338968357173824,1.3407985237246458,1.0,0,0.0,0.0,1.0,1.0,0.0,1
corolla altis,-0.5639243901407822,0.16475644699140402,0.1982011270047681,0.9029051246769365,0.0,0,0.0,0.0,1.0,1.0,0.0,2
innova,0.8217183970622106,0.5916905444126075,0.2716731686172518,-0.20470759056138682,1.0,0,0.0,1.0,0.0,1.0,0.0,2
corolla altis,1.168129093862959,0.4842406876790831,0.1985262245340269,-0.7276038258948279,0.0,0,0.0,0.0,1.0,1.0,0.0,2
corolla altis,-0.217513693340034,0.19914040114613182,0.1982011270047681,0.20742737324822186,0.0,0,0.0,0.0,1.0,1.0,0.0,2
fortuner,-1.2567457837422786,0.27363896848137537,0.2181404421326398,0.336837751884439,0.0,0,0.0,1.0,0.0,1.0,0.0,2
Royal Enfield Thunder 500,0.8217183970622106,0.04727793696275072,0.017121803207628954,-0.874426906752001,0.0,0,0.0,0.0,1.0,0.0,1.0,1
UM Renegade Mojave,1.168129093862959,0.045845272206303724,0.016254876462938883,-0.9156404031329618,0.0,0,0.0,0.0,1.0,0.0,1.0,1
KTM RC200,1.168129093862959,0.044412607449856735,0.015821413090593844,-0.8486684715139003,0.0,0,0.0,0.0,1.0,0.0,1.0,1
Bajaj Dominar 400,1.168129093862959,0.03868194842406877,0.01387082791504118,-0.920792090180582,0.0,0,0.0,0.0,1.0,0.0,1.0,1
Royal Enfield Classic 350,1.168129093862959,0.03581661891117479,0.012462071954919808,-0.8460926279900903,0.0,0,0.0,0.0,1.0,0.0,1.0,0
KTM RC390,0.47530770026146246,0.03581661891117479,0.022214997832683138,-0.39274416779952076,0.0,0,0.0,0.0,1.0,0.0,1.0,0
Hyosung GT250R,0.12889700346071423,0.03581661891117479,0.033918508885999135,-0.5266880310376436,0.0,1,0.0,0.0,1.0,0.0,1.0,0
Royal Enfield Thunder 350,-0.217513693340034,0.032951289398280806,0.012787169484178587,-0.5653256838947944,0.0,0,0.0,0.0,1.0,0.0,1.0,0
Royal Enfield Thunder 350,0.8217183970622106,0.03151862464183381,0.012787169484178587,-0.4880503781804928,0.0,0,0.0,0.0,1.0,0.0,1.0,0
Royal Enfield Classic 350,1.168129093862959,0.03151862464183381,0.012462071954919808,-0.6683594248471966,0.0,0,0.0,0.0,1.0,0.0,1.0,0
KTM RC200,0.8217183970622106,0.03151862464183381,0.015821413090593844,-0.7971516010376993,0.0,0,0.0,0.0,1.0,0.0,1.0,0
Royal Enfield Thunder 350,0.8217183970622106,0.030085959885386815,0.012787169484178587,-0.7276038258948279,0.0,0,0.0,0.0,1.0,0.0,1.0,0
KTM 390 Duke ,0.12889700346071423,0.030085959885386815,0.022540095361941914,-0.7713931657995988,0.0,0,0.0,0.0,1.0,0.0,1.0,0
Mahindra Mojo XT300,0.8217183970622106,0.030085959885386815,0.011703511053315994,-0.050156979132783566,0.0,0,0.0,0.0,1.0,0.0,1.0,0
Royal Enfield Classic 350,0.47530770026146246,0.030085959885386815,0.012462071954919808,-0.5138088134185933,0.0,0,0.0,0.0,1.0,0.0,1.0,0
Royal Enfield Classic 350,0.47530770026146246,0.028939828080229227,0.012462071954919808,-0.5009295957995431,0.0,0,0.0,0.0,1.0,0.0,1.0,0
Royal Enfield Classic 350,-0.217513693340034,0.028653295128939833,0.012462071954919808,-0.10167384960898465,0.0,0,0.0,0.0,1.0,0.0,1.0,0
Royal Enfield Thunder 500,0.47530770026146246,0.028653295128939833,0.017121803207628954,-0.5910841191328949,0.0,0,0.0,0.0,1.0,0.0,1.0,0
Royal Enfield Classic 350,0.47530770026146246,0.028653295128939833,0.012462071954919808,-0.28198289627568845,0.0,0,0.0,0.0,1.0,0.0,1.0,0
Royal Enfield Thunder 500,-0.217513693340034,0.027220630372492838,0.017121803207628954,-0.8126066621805597,0.0,0,0.0,0.0,1.0,0.0,1.0,0
Bajaj Pulsar RS200,0.8217183970622106,0.027220630372492838,0.010186389250108365,-0.8048791316091295,0.0,0,0.0,0.0,1.0,0.0,1.0,0
Royal Enfield Thunder 350,-0.9103350869415304,0.027220630372492838,0.012787169484178587,-0.7739690093234088,0.0,0,0.0,0.0,1.0,0.0,1.0,0
Royal Enfield Bullet 350,0.8217183970622106,0.027220630372492838,0.009211096662332031,-0.7971516010376993,0.0,0,0.0,0.0,1.0,0.0,1.0,0
Royal Enfield Classic 350,-0.217513693340034,0.025787965616045846,0.012462071954919808,0.24606502610537268,0.0,0,0.0,0.0,1.0,0.0,1.0,0
Royal Enfield Classic 500,-0.5639243901407822,0.024355300859598854,0.015496315561335065,-0.6554802072281464,0.0,0,0.0,0.0,1.0,0.0,1.0,0
Royal Enfield Classic 500,-1.603156480543027,0.022922636103151862,0.015496315561335065,0.07863519705771915,0.0,0,0.0,0.0,1.0,0.0,1.0,0
Bajaj Avenger 220,1.168129093862959,0.022922636103151862,0.00682704811443433,-0.9182162466567718,0.0,0,0.0,0.0,1.0,0.0,1.0,0
Bajaj Avenger 150,0.8217183970622106,0.01862464183381089,0.005201560468140443,-0.7713931657995988,0.0,0,0.0,0.0,1.0,0.0,1.0,0
Honda CB Hornet 160R,1.168129093862959,0.02005730659025788,0.005960121369744256,-0.874426906752001,0.0,0,0.0,0.0,1.0,0.0,1.0,0
Yamaha FZ S V 2.0,1.168129093862959,0.019484240687679084,0.005635023840485478,-0.8229100362757998,0.0,0,0.0,0.0,1.0,0.0,1.0,0
Honda CB Hornet 160R,1.168129093862959,0.01862464183381089,0.005960121369744256,-0.6683594248471966,0.0,0,0.0,0.0,1.0,0.0,1.0,0
Yamaha FZ 16,0.47530770026146246,0.01862464183381089,0.005418292154312961,-0.4880503781804928,0.0,0,0.0,0.0,1.0,0.0,1.0,0
Bajaj Avenger 220,1.168129093862959,0.01862464183381089,0.00682704811443433,-0.8615476891329507,0.0,0,0.0,0.0,1.0,0.0,1.0,0
Bajaj Avenger 220,0.8217183970622106,0.01776504297994269,0.00682704811443433,-0.9388229948472523,0.0,0,0.0,0.0,1.0,0.0,1.0,0
TVS Apache RTR 160,1.168129093862959,0.015759312320916905,0.005309926311226701,-0.6477526766567162,0.0,0,0.0,0.0,1.0,0.0,1.0,0
Bajaj Pulsar 150,0.47530770026146246,0.015759312320916905,0.004551365409622887,-0.8229100362757998,0.0,0,0.0,0.0,1.0,0.0,1.0,0
Honda CBR 150,0.12889700346071423,0.015759312320916905,0.00953619419159081,-0.34637898437093984,0.0,0,0.0,0.0,1.0,0.0,1.0,0
Hero Extreme,-0.217513693340034,0.015759312320916905,0.0050606848721283055,-0.5395672486566939,0.0,0,0.0,0.0,1.0,0.0,1.0,0
Honda CB Hornet 160R,0.8217183970622106,0.014326647564469913,0.005960121369744256,-0.5653256838947944,0.0,0,0.0,0.0,1.0,0.0,1.0,0
Bajaj Avenger 220 dtsi,0.47530770026146246,0.014326647564469913,0.00682704811443433,-0.5241121875138336,0.0,0,0.0,0.0,1.0,0.0,1.0,0
Honda CBR 150,-0.217513693340034,0.014326647564469913,0.00953619419159081,-0.1274322848470852,0.0,0,0.0,0.0,1.0,0.0,1.0,0
Bajaj Avenger 150 street,0.8217183970622106,0.014326647564469913,0.005201560468140443,-0.4365335077042917,0.0,0,0.0,0.0,1.0,0.0,1.0,0
Yamaha FZ  v 2.0,0.47530770026146246,0.014326647564469913,0.005635023840485478,-0.20470759056138682,0.0,0,0.0,0.0,1.0,0.0,1.0,0
Yamaha FZ  v 2.0,0.8217183970622106,0.014326647564469913,0.005635023840485478,-0.307741331513789,0.0,0,0.0,0.0,1.0,0.0,1.0,0
Bajaj Pulsar  NS 200,0.12889700346071423,0.014326647564469913,0.007260511486779367,-0.307741331513789,0.0,0,0.0,0.0,1.0,0.0,1.0,0
TVS Apache RTR 160,-0.5639243901407822,0.014326647564469913,0.005309926311226701,-0.46229194294239223,0.0,0,0.0,0.0,1.0,0.0,1.0,0
Hero Extreme,0.12889700346071423,0.012893982808022925,0.0050606848721283055,-0.5653256838947944,0.0,0,0.0,0.0,1.0,0.0,1.0,0
Yamaha FZ S V 2.0,0.47530770026146246,0.012893982808022925,0.005635023840485478,0.542287031343529,0.0,0,0.0,0.0,1.0,0.0,1.0,0
Bajaj Pulsar 220 F,-1.2567457837422786,0.01203438395415473,0.00671868227134807,0.20742737324822186,0.0,0,0.0,0.0,1.0,0.0,1.0,0
Bajaj Pulsar 220 F,0.8217183970622106,0.01174785100286533,0.00671868227134807,-0.3334997667518895,0.0,0,0.0,0.0,1.0,0.0,1.0,0
TVS Apache RTR 180,-0.9103350869415304,0.011461318051575933,0.005483311660164715,-0.7971516010376993,0.0,0,0.0,0.0,1.0,0.0,1.0,0
Hero Passion X pro,0.8217183970622106,0.011461318051575933,0.0024924143909839623,-0.15319072008518575,0.0,0,0.0,0.0,1.0,0.0,1.0,0
Bajaj Pulsar NS 200,-0.5639243901407822,0.011461318051575933,0.007260511486779367,-0.6168425543709956,0.0,0,0.0,0.0,1.0,0.0,1.0,0
Bajaj Pulsar NS 200,-0.217513693340034,0.011461318051575933,0.007260511486779367,0.20742737324822186,0.0,0,0.0,0.0,1.0,0.0,1.0,0
Yamaha Fazer ,0.12889700346071423,0.011461318051575933,0.006068487212830515,-0.7456347305614982,0.0,0,0.0,0.0,1.0,0.0,1.0,0
Honda Activa 4G,1.168129093862959,0.010888252148997135,0.0020589510186389253,-0.8409409409424702,1.0,0,0.0,0.0,1.0,0.0,1.0,0
TVS Sport ,1.168129093862959,0.010888252148997135,0.002167316861725184,-0.5653256838947944,0.0,0,0.0,0.0,1.0,0.0,1.0,0
Yamaha FZ S V 2.0,0.47530770026146246,0.010888252148997135,0.005635023840485478,-0.3592582019899901,0.0,0,0.0,0.0,1.0,0.0,1.0,0
Honda Dream Yuga ,1.168129093862959,0.010888252148997135,0.0023840485478977026,-0.7301796694186379,0.0,0,0.0,0.0,1.0,0.0,1.0,0
Honda Activa 4G,1.168129093862959,0.01002865329512894,0.0020589510186389253,-0.8486684715139003,1.0,0,0.0,0.0,1.0,0.0,1.0,0
Bajaj Avenger Street 220,-0.9103350869415304,0.01002865329512894,0.00682704811443433,-0.3334997667518895,0.0,0,0.0,0.0,1.0,0.0,1.0,0
TVS Apache RTR 180,0.12889700346071423,0.01002865329512894,0.005483311660164715,-0.3592582019899901,0.0,0,0.0,0.0,1.0,0.0,1.0,0
Bajaj Pulsar NS 200,-0.5639243901407822,0.01002865329512894,0.007260511486779367,-0.5782049015138447,0.0,0,0.0,0.0,1.0,0.0,1.0,0
Bajaj Avenger 220 dtsi,-1.2567457837422786,0.01002865329512894,0.00682704811443433,-0.2562244610375879,0.0,0,0.0,0.0,1.0,0.0,1.0,0
Hero Splender iSmart,0.8217183970622106,0.01002865329512894,0.0023840485478977026,-0.5910841191328949,0.0,0,0.0,0.0,1.0,0.0,1.0,0
Activa 3g,0.8217183970622106,0.01002865329512894,0.0023840485478977026,-0.9388229948472523,1.0,0,0.0,0.0,1.0,0.0,1.0,0
Hero Passion Pro,0.8217183970622106,0.01002865329512894,0.0024924143909839623,-0.925943777228202,0.0,0,0.0,0.0,1.0,0.0,1.0,0
TVS Apache RTR 160,0.12889700346071423,0.009169054441260746,0.005309926311226701,0.13015206753392022,0.0,0,0.0,0.0,1.0,0.0,1.0,0
Honda CB Trigger,-0.217513693340034,0.009169054441260746,0.004442999566536627,-0.6426009896090961,0.0,0,0.0,0.0,1.0,0.0,1.0,0
Hero Splender iSmart,0.47530770026146246,0.008595988538681949,0.0023840485478977026,-0.5910841191328949,0.0,0,0.0,0.0,1.0,0.0,1.0,0
Yamaha FZ S ,-0.5639243901407822,0.008595988538681949,0.005526657997399219,-0.8100308186567495,0.0,0,0.0,0.0,1.0,0.0,1.0,0
Hero Passion Pro,0.47530770026146246,0.008595988538681949,0.0024924143909839623,-0.779120696371029,0.0,0,0.0,0.0,1.0,0.0,1.0,0
Bajaj Pulsar 135 LS,0.12889700346071423,0.008595988538681949,0.003467706978760295,-0.5988116497043251,0.0,0,0.0,0.0,1.0,0.0,1.0,0
Activa 4g,1.168129093862959,0.008595988538681949,0.0020589510186389253,-0.9182162466567718,1.0,0,0.0,0.0,1.0,0.0,1.0,0
Honda CB Unicorn,0.47530770026146246,0.008022922636103151,0.004334633723450368,0.04257338772437839,0.0,0,0.0,0.0,1.0,0.0,1.0,0
Hero Honda CBZ extreme,-0.9103350869415304,0.008022922636103151,0.0050606848721283055,0.9801804303912381,0.0,0,0.0,0.0,1.0,0.0,1.0,0
Honda Karizma,-0.9103350869415304,0.0071633237822349575,0.007910706545296922,-0.17894915532328629,0.0,0,0.0,0.0,1.0,0.0,1.0,0
Honda Activa 125,0.8217183970622106,0.0071633237822349575,0.00270914607715648,-0.3334997667518895,1.0,0,0.0,0.0,1.0,0.0,1.0,0
TVS Jupyter,0.12889700346071423,0.0071633237822349575,0.002167316861725184,-0.46229194294239223,1.0,0,0.0,0.0,1.0,0.0,1.0,0
Honda Karizma,-1.2567457837422786,0.006017191977077364,0.007910706545296922,4.534844493249113,0.0,0,0.0,0.0,1.0,0.0,1.0,0
Hero Honda Passion Pro,-0.5639243901407822,0.0057306590257879654,0.0020589510186389253,0.59380390181973,0.0,0,0.0,0.0,1.0,0.0,1.0,0
Hero Splender Plus,0.8217183970622106,0.0057306590257879654,0.0017338534893801471,0.33621954943872456,0.0,0,0.0,0.0,1.0,0.0,1.0,0
Honda CB Shine,-0.217513693340034,0.0057306590257879654,0.0028175119202427388,-0.17894915532328629,0.0,0,0.0,0.0,1.0,0.0,1.0,0
Bajaj Discover 100,-0.217513693340034,0.004871060171919772,0.0016254876462938874,-0.41077507246619116,0.0,0,0.0,0.0,1.0,0.0,1.0,0
Bajaj Pulsar 150,-1.949567177343775,0.004297994269340974,0.004659731252709146,-0.28198289627568845,0.0,1,0.0,0.0,1.0,0.0,1.0,0
Suzuki Access 125,-1.949567177343775,0.004297994269340974,0.0028175119202427388,-0.9027611855139115,1.0,0,0.0,0.0,1.0,0.0,1.0,0
TVS Wego,-1.2567457837422786,0.004297994269340974,0.002167316861725184,-0.3850166372280906,1.0,0,0.0,0.0,1.0,0.0,1.0,0
Honda CB twister,-0.217513693340034,0.004297994269340974,0.0020589510186389253,-0.1274322848470852,0.0,0,0.0,0.0,1.0,0.0,1.0,0
Hero Glamour,-0.217513693340034,0.004297994269340974,0.00270914607715648,-0.4880503781804928,0.0,0,0.0,0.0,1.0,0.0,1.0,0
Hero Super Splendor,-2.98879926774602,0.002865329512893983,0.00270914607715648,0.46501172562922727,0.0,0,0.0,0.0,1.0,0.0,1.0,0
Bajaj Pulsar 150,-1.949567177343775,0.002865329512893983,0.004659731252709146,0.59380390181973,0.0,0,0.0,0.0,1.0,0.0,1.0,0
Bajaj Discover 125,-0.5639243901407822,0.002865329512893983,0.00270914607715648,-0.307741331513789,0.0,1,0.0,0.0,1.0,0.0,1.0,0
Hero Hunk,-2.295977874144523,0.002865329512893983,0.004659731252709146,0.31046111420062406,0.0,1,0.0,0.0,1.0,0.0,1.0,0
Hero  Ignitor Disc,-0.217513693340034,0.002865329512893983,0.003576072821846554,-0.3334997667518895,0.0,1,0.0,0.0,1.0,0.0,1.0,0
Hero  CBZ Xtreme,-1.949567177343775,0.002865329512893983,0.0050606848721283055,0.33621954943872456,0.0,0,0.0,0.0,1.0,0.0,1.0,0
Bajaj  ct 100,0.47530770026146246,0.0022922636103151857,0.0,-0.050156979132783566,0.0,0,0.0,0.0,1.0,0.0,1.0,0
Activa 3g,-1.949567177343775,0.0020057306590257886,0.002167316861725184,11.92751540658397,1.0,0,0.0,0.0,1.0,0.0,1.0,0
Honda CB twister,-1.2567457837422786,0.00171919770773639,0.0020589510186389253,-0.10167384960898465,0.0,0,0.0,0.0,1.0,0.0,1.0,0
Bajaj Discover 125,-0.9103350869415304,0.0014326647564469911,0.00270914607715648,-0.050156979132783566,0.0,1,0.0,0.0,1.0,0.0,1.0,0
Honda CB Shine,-2.295977874144523,0.0005730659025787962,0.0028175119202427388,0.4134948551530262,0.0,0,0.0,0.0,1.0,0.0,1.0,0
Bajaj Pulsar 150,-2.6423885709452715,0.0,0.004659731252709146,1.424075544849425,0.0,0,0.0,0.0,1.0,0.0,1.0,0
i20,-1.2567457837422786,0.09025787965616047,0.07011270047680972,0.542287031343529,0.0,1,0.0,1.0,0.0,1.0,0.0,1
grand i10,0.47530770026146246,0.12320916905444129,0.05830082358040746,-0.22531433875186727,0.0,0,0.0,0.0,1.0,1.0,0.0,1
i10,-0.9103350869415304,0.08166189111747853,0.046380580840918936,0.42534373536255243,0.0,0,0.0,0.0,1.0,1.0,0.0,1
eon,0.47530770026146246,0.07593123209169056,0.044538361508452536,-0.223202147062343,0.0,0,0.0,0.0,1.0,1.0,0.0,1
grand i10,0.8217183970622106,0.14756446991404013,0.05830082358040746,-0.8617279981796174,0.0,1,0.0,0.0,1.0,1.0,0.0,1
xcent,1.168129093862959,0.16189111747851004,0.07379713914174252,-0.6302626991300458,0.0,0,0.0,0.0,1.0,1.0,0.0,2
grand i10,0.47530770026146246,0.14469914040114615,0.05830082358040746,-0.05538594148611797,1.0,0,0.0,0.0,1.0,1.0,0.0,1
i20,1.168129093862959,0.22349570200573068,0.08430862592110966,-0.8632219874234272,0.0,0,0.0,0.0,1.0,1.0,0.0,2
grand i10,0.47530770026146246,0.1361031518624642,0.05830082358040746,-0.4075552680614286,0.0,0,0.0,1.0,0.0,1.0,0.0,1
i10,-0.5639243901407822,0.08595988538681949,0.046380580840918936,-0.030194191823255643,0.0,0,0.0,0.0,1.0,1.0,0.0,1
elantra,0.47530770026146246,0.333810888252149,0.1568053749458171,0.16969126562440456,0.0,0,0.0,1.0,0.0,1.0,0.0,2
creta,0.8217183970622106,0.3194842406876791,0.14390983961855225,-0.36773272718332517,0.0,0,0.0,0.0,1.0,1.0,0.0,2
i20,-0.9103350869415304,0.08022922636103152,0.07011270047680972,-0.137632625201373,0.0,0,0.0,0.0,1.0,1.0,0.0,1
grand i10,1.168129093862959,0.14756446991404013,0.05830082358040746,-0.4335970460871483,0.0,0,0.0,0.0,1.0,1.0,0.0,1
verna,-0.5639243901407822,0.12607449856733527,0.09839618552232338,-0.021822700370872968,0.0,0,0.0,0.0,1.0,1.0,0.0,1
eon,0.8217183970622106,0.08022922636103152,0.044538361508452536,-0.6297217719900458,0.0,0,0.0,0.0,1.0,1.0,0.0,1
eon,0.8217183970622106,0.08739255014326648,0.044538361508452536,-0.5653256838947944,0.0,0,0.0,0.0,1.0,1.0,0.0,1
verna,0.12889700346071423,0.18194842406876793,0.09839618552232338,0.2094365311967937,0.0,0,0.0,0.0,1.0,1.0,0.0,2
verna,-0.5639243901407822,0.12607449856733527,0.09839618552232338,-0.024398543894683024,0.0,0,0.0,0.0,1.0,1.0,0.0,1
eon,1.168129093862959,0.09742120343839543,0.044538361508452536,0.03968844297771113,0.0,0,0.0,0.0,1.0,1.0,0.0,1
i20,-0.217513693340034,0.12607449856733527,0.07011270047680972,-0.1274322848470852,1.0,0,0.0,0.0,1.0,1.0,0.0,1
i20,0.12889700346071423,0.169054441260745,0.0788903337667967,1.0479766319379187,0.0,0,0.0,1.0,0.0,1.0,0.0,2
verna,0.47530770026146246,0.23352435530085963,0.09839618552232338,0.6293763008835469,0.0,0,0.0,1.0,0.0,1.0,0.0,2
verna,-0.217513693340034,0.14355300859598857,0.09839618552232338,-0.019298373717539116,1.0,0,0.0,0.0,1.0,1.0,0.0,1
i10,-0.9103350869415304,0.07449856733524357,0.046380580840918936,-0.37169952620999264,0.0,0,0.0,0.0,1.0,1.0,0.0,1
grand i10,0.47530770026146246,0.14756446991404013,0.05830082358040746,-0.3160355476604574,0.0,0,0.0,0.0,1.0,1.0,0.0,1
i10,-0.9103350869415304,0.07020057306590258,0.044538361508452536,0.5165285961054283,0.0,0,0.0,0.0,1.0,1.0,0.0,1
verna,-0.5639243901407822,0.1389684813753582,0.09839618552232338,0.59380390181973,0.0,0,0.0,1.0,0.0,1.0,0.0,1
i20,-0.5639243901407822,0.08595988538681949,0.07011270047680972,0.39113653336635495,0.0,0,0.0,1.0,0.0,1.0,0.0,1
verna,-0.217513693340034,0.17335243553008597,0.09839618552232338,0.20742737324822186,0.0,0,0.0,1.0,0.0,1.0,0.0,2
verna,1.168129093862959,0.26217765042979946,0.09839618552232338,-0.5652999254595563,0.0,0,0.0,0.0,1.0,1.0,0.0,2
elantra,0.47530770026146246,0.32521489971346706,0.1568053749458171,-0.6194183978948056,1.0,0,0.0,0.0,1.0,1.0,0.0,2
grand i10,-0.217513693340034,0.10888252148997135,0.05830082358040746,0.4134948551530262,0.0,0,0.0,1.0,0.0,1.0,0.0,1
grand i10,0.47530770026146246,0.1547277936962751,0.05830082358040746,-0.8359953213767549,0.0,0,0.0,0.0,1.0,1.0,0.0,2
verna,1.168129093862959,0.25787965616045844,0.09839618552232338,-0.5616937445262222,0.0,0,0.0,0.0,1.0,1.0,0.0,2
eon,0.8217183970622106,0.08595988538681949,0.044538361508452536,-0.6464905133300493,0.0,0,0.0,0.0,1.0,1.0,0.0,1
creta,0.47530770026146246,0.3194842406876791,0.14390983961855225,0.7998713837245344,0.0,0,0.0,1.0,0.0,1.0,0.0,2
verna,-0.217513693340034,0.1346704871060172,0.09839618552232338,0.6000116847121122,0.0,0,0.0,0.0,1.0,1.0,0.0,1
eon,-0.5639243901407822,0.054441260744985676,0.044538361508452536,-0.3409954714061768,0.0,0,0.0,0.0,1.0,1.0,0.0,1
verna,-0.5639243901407822,0.1504297994269341,0.09839618552232338,-0.11913806870041682,0.0,0,0.0,1.0,0.0,1.0,0.0,2
xcent,0.47530770026146246,0.1332378223495702,0.07379713914174252,-0.027850174216588496,0.0,1,0.0,0.0,1.0,1.0,0.0,1
xcent,0.12889700346071423,0.12320916905444129,0.07379713914174252,-0.0759154143708841,0.0,0,0.0,0.0,1.0,1.0,0.0,1
i20,0.8217183970622106,0.17621776504297995,0.0788903337667967,-0.7713931657995988,0.0,0,0.0,0.0,1.0,1.0,0.0,2
verna,-0.217513693340034,0.16762177650429802,0.09839618552232338,0.31046111420062406,0.0,0,0.0,1.0,0.0,1.0,0.0,2
verna,-0.5639243901407822,0.14613180515759314,0.09839618552232338,0.877146689438836,0.0,0,0.0,1.0,0.0,1.0,0.0,1
i20,-0.5639243901407822,0.10458452722063039,0.07011270047680972,-0.050156979132783566,0.0,0,0.0,0.0,1.0,1.0,0.0,1
verna,0.47530770026146246,0.16762177650429802,0.09839618552232338,-0.024398543894683024,0.0,0,0.0,0.0,1.0,1.0,0.0,2
i10,-0.217513693340034,0.11174785100286534,0.046380580840918936,-0.17894915532328629,0.0,0,0.0,0.0,1.0,1.0,0.0,1
i20,0.8217183970622106,0.14756446991404013,0.0788903337667967,-0.5138088134185933,0.0,0,0.0,0.0,1.0,1.0,0.0,1
creta,0.8217183970622106,0.36676217765042984,0.14390983961855225,-0.02609860062039766,0.0,0,0.0,1.0,0.0,1.0,0.0,2
city,-0.217513693340034,0.14040114613180518,0.10381447767663633,0.5088268239692363,0.0,0,0.0,0.0,1.0,1.0,0.0,1
brio,0.47530770026146246,0.15186246418338112,0.07043779800606849,-0.14219186823851682,1.0,0,0.0,0.0,1.0,1.0,0.0,2
city,0.12889700346071423,0.2034383954154728,0.10381447767663633,0.2847026789625235,0.0,0,0.0,1.0,0.0,1.0,0.0,2
city,-0.217513693340034,0.14756446991404013,0.10381447767663633,0.4454868317187471,0.0,0,0.0,0.0,1.0,1.0,0.0,1
brio,-0.5639243901407822,0.08309455587392552,0.05450801907238838,0.43088179893874407,0.0,0,0.0,0.0,1.0,1.0,0.0,1
city,0.8217183970622106,0.2908309455587393,0.14390983961855225,0.32493735480443653,0.0,0,0.0,0.0,1.0,1.0,0.0,2
city,0.47530770026146246,0.24068767908309457,0.14390983961855225,0.08698093007486372,0.0,0,0.0,0.0,1.0,1.0,0.0,2
city,0.47530770026146246,0.2378223495702006,0.14390983961855225,-0.307741331513789,0.0,0,0.0,0.0,1.0,1.0,0.0,2
amaze,0.12889700346071423,0.10888252148997135,0.07238838318162115,-0.023007588391825592,0.0,0,0.0,0.0,1.0,1.0,0.0,1
city,0.8217183970622106,0.2593123209169055,0.14390983961855225,-0.1989634595032904,0.0,0,0.0,0.0,1.0,1.0,0.0,2
brio,0.8217183970622106,0.1547277936962751,0.06122670134373645,-0.8074549751329395,0.0,0,0.0,0.0,1.0,1.0,0.0,2
amaze,0.47530770026146246,0.11174785100286534,0.05938448201127004,0.07922764106819546,0.0,0,0.0,0.0,1.0,1.0,0.0,1
jazz,0.8217183970622106,0.1862464183381089,0.0799739921976593,-0.5395157317862177,0.0,0,0.0,0.0,1.0,1.0,0.0,2
amaze,0.47530770026146246,0.11174785100286534,0.07238838318162115,0.07930491637390977,0.0,0,0.0,0.0,1.0,1.0,0.0,1
jazz,1.168129093862959,0.18338108882521492,0.09081057650628521,-0.40562338541857107,0.0,0,0.0,0.0,1.0,1.0,0.0,2
amaze,0.12889700346071423,0.1017191977077364,0.07238838318162115,-0.050156979132783566,0.0,0,0.0,0.0,1.0,1.0,0.0,1
city,0.8217183970622106,0.23638968481375358,0.09839618552232338,-0.45111278204905664,0.0,0,0.0,1.0,0.0,1.0,0.0,2
brio,1.168129093862959,0.1346704871060172,0.05938448201127004,-0.46229194294239223,0.0,0,0.0,0.0,1.0,1.0,0.0,1
city,0.47530770026146246,0.18911174785100288,0.10489813610749892,-0.46672239380334557,0.0,0,0.0,0.0,1.0,1.0,0.0,2
city,-0.9103350869415304,0.11461318051575932,0.10489813610749892,0.8344134453788272,0.0,0,0.0,0.0,1.0,1.0,0.0,1
city,-1.603156480543027,0.08309455587392552,0.10489813610749892,0.8401060595664473,0.0,0,0.0,0.0,1.0,1.0,0.0,1
city,0.47530770026146246,0.21203438395415475,0.10489813610749892,-0.2407693998947276,0.0,0,0.0,0.0,1.0,1.0,0.0,2
jazz,-1.2567457837422786,0.06160458452722064,0.07780667533593412,0.624791299411165,0.0,0,0.0,0.0,1.0,1.0,0.0,1
brio,0.12889700346071423,0.1489971346704871,0.07022106631989597,-0.5266880310376436,0.0,0,0.0,0.0,1.0,1.0,0.0,2
city,0.8217183970622106,0.3094555873925502,0.14390983961855225,-0.15955305358899657,1.0,0,0.0,0.0,1.0,1.0,0.0,2
city,0.47530770026146246,0.24498567335243557,0.14390983961855225,-0.3128930185614091,0.0,0,0.0,0.0,1.0,1.0,0.0,2
city,0.47530770026146246,0.27507163323782235,0.14390983961855225,-0.3906834929804727,0.0,0,0.0,0.0,1.0,1.0,0.0,2
jazz,0.8217183970622106,0.169054441260745,0.08755960121369745,-0.8486684715139003,0.0,0,0.0,0.0,1.0,1.0,0.0,2
city,0.12889700346071423,0.17621776504297995,0.14390983961855225,0.08188075989771981,0.0,0,0.0,0.0,1.0,1.0,0.0,2
brio,0.47530770026146246,0.14756446991404013,0.06046814044213264,-0.5791064467471783,0.0,0,0.0,0.0,1.0,1.0,0.0,1
city,-2.6423885709452715,0.05730659025787966,0.0788903337667967,0.3479653959072984,0.0,0,0.0,0.0,1.0,1.0,0.0,1
city,0.12889700346071423,0.23352435530085963,0.1482444733420026,0.6710792075340316,0.0,0,0.0,1.0,0.0,1.0,0.0,2
city,0.8217183970622106,0.2547277936962751,0.12440398786302558,-0.7196187109710167,0.0,0,0.0,0.0,1.0,1.0,0.0,2
brio,-0.217513693340034,0.09742120343839543,0.06046814044213264,-0.6992695471329172,0.0,0,0.0,0.0,1.0,1.0,0.0,1
jazz,0.8217183970622106,0.20916905444126077,0.08864325964456003,-0.5638059362157465,1.0,0,0.0,0.0,1.0,1.0,0.0,2
jazz,0.8217183970622106,0.15902578796561606,0.08214130905938449,-0.21580947614900817,0.0,0,0.0,0.0,1.0,1.0,0.0,2
amaze,0.47530770026146246,0.16189111747851004,0.07780667533593412,0.18166893801012132,1.0,0,0.0,0.0,1.0,1.0,0.0,2
city,0.47530770026146246,0.2378223495702006,0.14390983961855225,-0.0759154143708841,0.0,0,0.0,0.0,1.0,1.0,0.0,2
city,0.8217183970622106,0.2868194842406877,0.14390983961855225,-0.6688745935519587,0.0,0,0.0,0.0,1.0,1.0,0.0,2
amaze,0.12889700346071423,0.12607449856733527,0.06588643259644561,-0.46229194294239223,0.0,0,0.0,0.0,1.0,1.0,0.0,1
brio,0.47530770026146246,0.15186246418338112,0.06263545730385782,-0.14219186823851682,0.0,0,0.0,0.0,1.0,1.0,0.0,2
jazz,0.8217183970622106,0.18051575931232094,0.08755960121369745,-0.6426009896090961,0.0,0,0.0,0.0,1.0,1.0,0.0,2
city,-1.2567457837422786,0.09025787965616047,0.10381447767663633,0.027118326581518064,0.0,0,0.0,0.0,1.0,1.0,0.0,1
amaze,0.12889700346071423,0.10458452722063039,0.07022106631989597,-0.10118443933946074,0.0,0,0.0,0.0,1.0,1.0,0.0,1
city,0.47530770026146246,0.2421203438395416,0.13838318162115304,0.5957615428978257,0.0,0,0.0,1.0,0.0,1.0,0.0,2
city,0.8217183970622106,0.2693409742120344,0.12223667100130038,-0.07622451559374131,0.0,0,0.0,1.0,0.0,1.0,0.0,2
brio,0.47530770026146246,0.11174785100286534,0.06046814044213264,0.59380390181973,0.0,0,0.0,0.0,1.0,1.0,0.0,1
city,-1.603156480543027,0.09312320916905445,0.11573472041612484,1.3133400317608306,0.0,0,0.0,0.0,1.0,1.0,0.0,1
city,1.168129093862959,0.32664756446991405,0.13198959687906373,-0.7198762953233977,0.0,0,0.0,1.0,0.0,1.0,0.0,2
brio,0.8217183970622106,0.1489971346704871,0.06046814044213264,-0.8109581223253212,0.0,0,0.0,0.0,1.0,1.0,0.0,2
